Comment,Designator,Footprint,LCSC
"KF128L-5.08-2P","J1","CONN-TH_P5.08_KF128L-5.08-2P","C474940"
"PTC 2A 16V","F1","F1812","C20812"
"SS34","D1","SMA_L4.3-W2.6-LS5.2-RD","C8678"
"22uF 25V","C1,C118,C2,C218","C1206","C12891"
"TPS563201DDCR","U1","SOT-23-6_L2.9-W1.6-P0.95-LS2.8-BR","C116592"
"10uF 25V","C104,C105,C106,C204,C205,C206,C3,C4","C0805","C15850"
"100nF 50V","C101,C102,C103,C107,C109,C111,C112,C114,C116,C117,C201,C202,C203,C207,C209,C211,C212,C214,C216,C217,C5,C6","C0402","C307331"
"100k","R1,R2","R0402","C25741"
"3.3uH","L1","IND-SMD_L4.0-W4.0_SMNR4012","C15269"
"22uF 25V","C7,C8","C0805","C45783"
"18k","R3","R0603","C25810"
"0R","R4","R0805","C17477"
"1x9 female 2.54","J2,J3","HDR-TH_9P-P2.54-V-F-1","C22438159"
"10k","R101,R102,R103,R104,R105,R106,R201,R202,R203,R204,R205,R206","R0402","C25744"
"KF128-2.54-2P","T1,T2,T3,T4,T5,T6","CONN-TH_P2.54_KF128-2.54-2P","C474920"
"74HCT86D","U101,U201","SOIC-14_L8.7-W3.9-P1.27-LS6.0-BL","C6005"
"DRV8313PWPR","U102,U103,U202,U203","HTSSOP-28_L9.8-W4.5-P0.65-LS6.6-BL-EP","C92482"
"10nF 50V","C108,C113,C208,C213","C0402","C15195"
"470nF 10V","C110,C115,C210,C215","C0402","C47339"
